0,ZERO
1,Message number 1.
2,Message number 2.
3,Message number 3.
4,Message number 4.
5,Message number 5.
6,Message number 6.
7,Message number 7.
8,Message number 8.
9,Message number 9.
10,Message number 10.
11,Message number 11.
12,Message number 12.
13,Message number 13.
14,Message number 14.
15,Message number 15.
16,Message number 16.
17,Message number 17.
18,Message number 18.
19,Message number 19.
20,Message number 20.
21,Message number 21.
22,Message number 22.
23,Message number 23.
24,Message number 24.
25,Message number 25.
26,Message number 26.
27,Message number 27.
28,Message number 28.
29,Message number 29.
30,Message number 30.
31,Message number 31.
32,Message number 32.
33,Message number 33.
34,Message number 34.
35,Message number 35.
36,Message number 36.
37,Message number 37.
38,Message number 38.
39,Message number 39.
40,Message number 40.
41,Message number 41.
42,Message number 42.
43,Message number 43.
44,Message number 44.
45,Message number 45.
46,Message number 46.
47,Message number 47.
48,Message number 48.
49,Message number 49.
50,Message number 50.
51,Message number 51.
52,Message number 52.
53,Message number 53.
54,Message number 54.
55,Message number 55.
56,Message number 56.
57,Message number 57.
58,Message number 58.
59,Message number 59.
60,Message number 60.
61,Message number 61.
62,Message number 62.
63,Message number 63.
64,Message number 64.
65,Message number 65.
66,Message number 66.
67,Message number 67.
68,Message number 68.
69,Message number 69.
70,Message number 70.
71,Message number 71.
72,Message number 72.
73,Message number 73.
74,Message number 74.
75,Message number 75.
76,Message number 76.
77,Message number 77.
78,Message number 78.
79,Message number 79.
80,Message number 80.
81,Message number 81.
82,Message number 82.
83,Message number 83.
84,Message number 84.
85,Message number 85.
86,Message number 86.
87,Message number 87.
88,Message number 88.
89,Message number 89.
90,Message number 90.
91,Message number 91.
92,Message number 92.
93,Message number 93.
94,Message number 94.
95,Message number 95.
96,Message number 96.
97,Message number 97.
98,Message number 98.
99,Message number 99.
100,Message number 100.
101,Message number 101.
102,Message number 102.
103,Message number 103.
104,Message number 104.
105,Message number 105.
106,Message number 106.
107,Message number 107.
108,Message number 108.
109,Message number 109.
110,Message number 110.
111,Message number 111.
112,Message number 112.
113,Message number 113.
114,Message number 114.
115,Message number 115.
116,Message number 116.
117,Message number 117.
118,Message number 118.
119,Message number 119.
120,Message number 120.
121,Message number 121.
122,Message number 122.
123,Message number 123.
124,Message number 124.
125,Message number 125.
126,Message number 126.
127,Message number 127.
128,Message number 128.
129,Message number 129.
130,Message number 130.
131,Message number 131.
132,Message number 132.
133,Message number 133.
134,Message number 134.
135,Message number 135.
136,Message number 136.
137,Message number 137.
138,Message number 138.
139,Message number 139.
140,Message number 140.
141,Message number 141.
142,Message number 142.
143,Message number 143.
144,Message number 144.
145,Message number 145.
146,Message number 146.
147,Message number 147.
148,Message number 148.
149,Message number 149.
150,Message number 150.
151,Message number 151.
152,Message number 152.
153,Message number 153.
154,Message number 154.
155,Message number 155.
156,Message number 156.
157,Message number 157.
158,Message number 158.
159,Message number 159.
160,Message number 160.
161,Message number 161.
162,Message number 162.
163,Message number 163.
164,Message number 164.
165,Message number 165.
166,Message number 166.
167,Message number 167.
168,Message number 168.
169,Message number 169.
170,Message number 170.
171,Message number 171.
172,Message number 172.
173,Message number 173.
174,Message number 174.
175,Message number 175.
176,Message number 176.
177,Message number 177.
178,Message number 178.
179,Message number 179.
180,Message number 180.
181,Message number 181.
182,Message number 182.
183,Message number 183.
184,Message number 184.
185,Message number 185.
186,Message number 186.
187,Message number 187.
188,Message number 188.
189,Message number 189.
190,Message number 190.
191,Message number 191.
192,Message number 192.
193,Message number 193.
194,Message number 194.
195,Message number 195.
196,Message number 196.
197,Message number 197.
198,Message number 198.
199,Message number 199.
200,Message number 200.
201,Message number 201.
202,Message number 202.
203,Message number 203.
204,Message number 204.
205,Message number 205.
206,Message number 206.
207,Message number 207.
208,Message number 208.
209,Message number 209.
210,Message number 210.
211,Message number 211.
212,Message number 212.
213,Message number 213.
214,Message number 214.
215,Message number 215.
216,Message number 216.
217,Message number 217.
218,Message number 218.
219,Message number 219.
220,Message number 220.
221,Message number 221.
222,Message number 222.
223,Message number 223.
224,Message number 224.
225,Message number 225.
226,Message number 226.
227,Message number 227.
228,Message number 228.
229,Message number 229.
230,Message number 230.
231,Message number 231.
232,Message number 232.
233,Message number 233.
234,Message number 234.
235,Message number 235.
236,Message number 236.
237,Message number 237.
238,Message number 238.
239,Message number 239.
240,Message number 240.
241,Message number 241.
242,Message number 242.
243,Message number 243.
244,Message number 244.
245,Message number 245.
246,Message number 246.
247,Message number 247.
248,Message number 248.
249,Message number 249.
250,Message number 250.
251,Message number 251.
252,Message number 252.
253,Message number 253.
254,Message number 254.
255,Message number 255.
256,Message number 256.
257,Message number 257.
258,Message number 258.
259,Message number 259.
260,Message number 260.
261,Message number 261.
262,Message number 262.
263,Message number 263.
264,Message number 264.
265,Message number 265.
266,Message number 266.
267,Message number 267.
268,Message number 268.
269,Message number 269.
270,Message number 270.
271,Message number 271.
272,Message number 272.
273,Message number 273.
274,Message number 274.
275,Message number 275.
276,Message number 276.
277,Message number 277.
278,Message number 278.
279,Message number 279.
280,Message number 280.
281,Message number 281.
282,Message number 282.
283,Message number 283.
284,Message number 284.
285,Message number 285.
286,Message number 286.
287,Message number 287.
288,Message number 288.
289,Message number 289.
290,Message number 290.
291,Message number 291.
292,Message number 292.
293,Message number 293.
294,Message number 294.
295,Message number 295.
296,Message number 296.
297,Message number 297.
298,Message number 298.
299,Message number 299.
300,Message number 300.
301,Message number 301.
302,Message number 302.
303,Message number 303.
304,Message number 304.
305,Message number 305.
306,Message number 306.
307,Message number 307.
308,Message number 308.
309,Message number 309.
310,Message number 310.
311,Message number 311.
312,Message number 312.
313,Message number 313.
314,Message number 314.
315,Message number 315.
316,Message number 316.
317,Message number 317.
318,Message number 318.
319,Message number 319.
320,Message number 320.
321,Message number 321.
322,Message number 322.
323,Message number 323.
324,Message number 324.
325,Message number 325.
326,Message number 326.
327,Message number 327.
328,Message number 328.
329,Message number 329.
330,Message number 330.
331,Message number 331.
332,Message number 332.
333,Message number 333.
334,Message number 334.
335,Message number 335.
336,Message number 336.
337,Message number 337.
338,Message number 338.
339,Message number 339.
340,Message number 340.
341,Message number 341.
342,Message number 342.
343,Message number 343.
344,Message number 344.
345,Message number 345.
346,Message number 346.
347,Message number 347.
348,Message number 348.
349,Message number 349.
350,Message number 350.
351,Message number 351.
352,Message number 352.
353,Message number 353.
354,Message number 354.
355,Message number 355.
356,Message number 356.
357,Message number 357.
358,Message number 358.
359,Message number 359.
360,Message number 360.
361,Message number 361.
362,Message number 362.
363,Message number 363.
364,Message number 364.
365,Message number 365.
366,Message number 366.
367,Message number 367.
368,Message number 368.
369,Message number 369.
370,Message number 370.
371,Message number 371.
372,Message number 372.
373,Message number 373.
374,Message number 374.
375,Message number 375.
376,Message number 376.
377,Message number 377.
378,Message number 378.
379,Message number 379.
380,Message number 380.
381,Message number 381.
382,Message number 382.
383,Message number 383.
384,Message number 384.
385,Message number 385.
386,Message number 386.
387,Message number 387.
388,Message number 388.
389,Message number 389.
390,Message number 390.
391,Message number 391.
392,Message number 392.
393,Message number 393.
394,Message number 394.
395,Message number 395.
396,Message number 396.
397,Message number 397.
398,Message number 398.
399,Message number 399.
400,Message number 400.
401,Message number 401.
402,Message number 402.
403,Message number 403.
404,Message number 404.
405,Message number 405.
406,Message number 406.
407,Message number 407.
408,Message number 408.
409,Message number 409.
410,Message number 410.
411,Message number 411.
412,Message number 412.
413,Message number 413.
414,Message number 414.
415,Message number 415.
416,Message number 416.
417,Message number 417.
418,Message number 418.
419,Message number 419.
420,Message number 420.
421,Message number 421.
422,Message number 422.
423,Message number 423.
424,Message number 424.
425,Message number 425.
426,Message number 426.
427,Message number 427.
428,Message number 428.
429,Message number 429.
430,Message number 430.
431,Message number 431.
432,Message number 432.
433,Message number 433.
434,Message number 434.
435,Message number 435.
436,Message number 436.
437,Message number 437.
438,Message number 438.
439,Message number 439.
440,Message number 440.
441,Message number 441.
442,Message number 442.
443,Message number 443.
444,Message number 444.
445,Message number 445.
446,Message number 446.
447,Message number 447.
448,Message number 448.
449,Message number 449.
450,Message number 450.
451,Message number 451.
452,Message number 452.
453,Message number 453.
454,Message number 454.
455,Message number 455.
456,Message number 456.
457,Message number 457.
458,Message number 458.
459,Message number 459.
460,Message number 460.
461,Message number 461.
462,Message number 462.
463,Message number 463.
464,Message number 464.
465,Message number 465.
466,Message number 466.
467,Message number 467.
468,Message number 468.
469,Message number 469.
470,Message number 470.
471,Message number 471.
472,Message number 472.
473,Message number 473.
474,Message number 474.
475,Message number 475.
476,Message number 476.
477,Message number 477.
478,Message number 478.
479,Message number 479.
480,Message number 480.
481,Message number 481.
482,Message number 482.
483,Message number 483.
484,Message number 484.
485,Message number 485.
486,Message number 486.
487,Message number 487.
488,Message number 488.
489,Message number 489.
490,Message number 490.
491,Message number 491.
492,Message number 492.
493,Message number 493.
494,Message number 494.
495,Message number 495.
496,Message number 496.
497,Message number 497.
498,Message number 498.
499,Message number 499.
500,Message number 500.
501,Message number 501.
502,Message number 502.
503,Message number 503.
504,Message number 504.
505,Message number 505.
506,Message number 506.
507,Message number 507.
508,Message number 508.
509,Message number 509.
510,Message number 510.
511,Message number 511.
512,Message number 512.
513,Message number 513.
514,Message number 514.
515,Message number 515.
516,Message number 516.
517,Message number 517.
518,Message number 518.
519,Message number 519.
520,Message number 520.
521,Message number 521.
522,Message number 522.
523,Message number 523.
524,Message number 524.
525,Message number 525.
526,Message number 526.
527,Message number 527.
528,Message number 528.
529,Message number 529.
530,Message number 530.
531,Message number 531.
532,Message number 532.
533,Message number 533.
534,Message number 534.
535,Message number 535.
536,Message number 536.
537,Message number 537.
538,Message number 538.
539,Message number 539.
540,Message number 540.
541,Message number 541.
542,Message number 542.
543,Message number 543.
544,Message number 544.
545,Message number 545.
546,Message number 546.
547,Message number 547.
548,Message number 548.
549,Message number 549.
550,Message number 550.
551,Message number 551.
552,Message number 552.
553,Message number 553.
554,Message number 554.
555,Message number 555.
556,Message number 556.
557,Message number 557.
558,Message number 558.
559,Message number 559.
560,Message number 560.
561,Message number 561.
562,Message number 562.
563,Message number 563.
564,Message number 564.
565,Message number 565.
566,Message number 566.
567,Message number 567.
568,Message number 568.
569,Message number 569.
570,Message number 570.
571,Message number 571.
572,Message number 572.
573,Message number 573.
574,Message number 574.
575,Message number 575.
576,Message number 576.
577,Message number 577.
578,Message number 578.
579,Message number 579.
580,Message number 580.
581,Message number 581.
582,Message number 582.
583,Message number 583.
584,Message number 584.
585,Message number 585.
586,Message number 586.
587,Message number 587.
588,Message number 588.
589,Message number 589.
590,Message number 590.
591,Message number 591.
592,Message number 592.
593,Message number 593.
594,Message number 594.
595,Message number 595.
596,Message number 596.
597,Message number 597.
598,Message number 598.
599,Message number 599.
600,Message number 600.
601,Message number 601.
602,Message number 602.
603,Message number 603.
604,Message number 604.
605,Message number 605.
606,Message number 606.
607,Message number 607.
608,Message number 608.
609,Message number 609.
610,Message number 610.
611,Message number 611.
612,Message number 612.
613,Message number 613.
614,Message number 614.
615,Message number 615.
616,Message number 616.
617,Message number 617.
618,Message number 618.
619,Message number 619.
620,Message number 620.
621,Message number 621.
622,Message number 622.
623,Message number 623.
624,Message number 624.
625,Message number 625.
626,Message number 626.
627,Message number 627.
628,Message number 628.
629,Message number 629.
630,Message number 630.
631,Message number 631.
632,Message number 632.
633,Message number 633.
634,Message number 634.
635,Message number 635.
636,Message number 636.
637,Message number 637.
638,Message number 638.
639,Message number 639.
640,Message number 640.
641,Message number 641.
642,Message number 642.
643,Message number 643.
644,Message number 644.
645,Message number 645.
646,Message number 646.
647,Message number 647.
648,Message number 648.
649,Message number 649.
650,Message number 650.
651,Message number 651.
652,Message number 652.
653,Message number 653.
654,Message number 654.
655,Message number 655.
656,Message number 656.
657,Message number 657.
658,Message number 658.
659,Message number 659.
660,Message number 660.
661,Message number 661.
662,Message number 662.
663,Message number 663.
664,Message number 664.
665,Message number 665.
666,Message number 666.
667,Message number 667.
668,Message number 668.
669,Message number 669.
670,Message number 670.
671,Message number 671.
672,Message number 672.
673,Message number 673.
674,Message number 674.
675,Message number 675.
676,Message number 676.
677,Message number 677.
678,Message number 678.
679,Message number 679.
680,Message number 680.
681,Message number 681.
682,Message number 682.
683,Message number 683.
684,Message number 684.
685,Message number 685.
686,Message number 686.
687,Message number 687.
688,Message number 688.
689,Message number 689.
690,Message number 690.
691,Message number 691.
692,Message number 692.
693,Message number 693.
694,Message number 694.
695,Message number 695.
696,Message number 696.
697,Message number 697.
698,Message number 698.
699,Message number 699.
700,Message number 700.
701,Message number 701.
702,Message number 702.
703,Message number 703.
704,Message number 704.
705,Message number 705.
706,Message number 706.
707,Message number 707.
708,Message number 708.
709,Message number 709.
710,Message number 710.
711,Message number 711.
712,Message number 712.
713,Message number 713.
714,Message number 714.
715,Message number 715.
716,Message number 716.
717,Message number 717.
718,Message number 718.
719,Message number 719.
720,Message number 720.
721,Message number 721.
722,Message number 722.
723,Message number 723.
724,Message number 724.
725,Message number 725.
726,Message number 726.
727,Message number 727.
728,Message number 728.
729,Message number 729.
730,Message number 730.
731,Message number 731.
732,Message number 732.
733,Message number 733.
734,Message number 734.
735,Message number 735.
736,Message number 736.
737,Message number 737.
738,Message number 738.
739,Message number 739.
740,Message number 740.
741,Message number 741.
742,Message number 742.
743,Message number 743.
744,Message number 744.
745,Message number 745.
746,Message number 746.
747,Message number 747.
748,Message number 748.
749,Message number 749.
750,Message number 750.
751,Message number 751.
752,Message number 752.
753,Message number 753.
754,Message number 754.
755,Message number 755.
756,Message number 756.
757,Message number 757.
758,Message number 758.
759,Message number 759.
760,Message number 760.
761,Message number 761.
762,Message number 762.
763,Message number 763.
764,Message number 764.
765,Message number 765.
766,Message number 766.
767,Message number 767.
768,Message number 768.
769,Message number 769.
770,Message number 770.
771,Message number 771.
772,Message number 772.
773,Message number 773.
774,Message number 774.
775,Message number 775.
776,Message number 776.
777,Message number 777.
778,Message number 778.
779,Message number 779.
780,Message number 780.
781,Message number 781.
782,Message number 782.
783,Message number 783.
784,Message number 784.
785,Message number 785.
786,Message number 786.
787,Message number 787.
788,Message number 788.
789,Message number 789.
790,Message number 790.
791,Message number 791.
792,Message number 792.
793,Message number 793.
794,Message number 794.
795,Message number 795.
796,Message number 796.
797,Message number 797.
798,Message number 798.
799,Message number 799.
800,Message number 800.
801,Message number 801.
802,Message number 802.
803,Message number 803.
804,Message number 804.
805,Message number 805.
806,Message number 806.
807,Message number 807.
808,Message number 808.
809,Message number 809.
810,Message number 810.
811,Message number 811.
812,Message number 812.
813,Message number 813.
814,Message number 814.
815,Message number 815.
816,Message number 816.
817,Message number 817.
818,Message number 818.
819,Message number 819.
820,Message number 820.
821,Message number 821.
822,Message number 822.
823,Message number 823.
824,Message number 824.
825,Message number 825.
826,Message number 826.
827,Message number 827.
828,Message number 828.
829,Message number 829.
830,Message number 830.
831,Message number 831.
832,Message number 832.
833,Message number 833.
834,Message number 834.
835,Message number 835.
836,Message number 836.
837,Message number 837.
838,Message number 838.
839,Message number 839.
840,Message number 840.
841,Message number 841.
842,Message number 842.
843,Message number 843.
844,Message number 844.
845,Message number 845.
846,Message number 846.
847,Message number 847.
848,Message number 848.
849,Message number 849.
850,Message number 850.
851,Message number 851.
852,Message number 852.
853,Message number 853.
854,Message number 854.
855,Message number 855.
856,Message number 856.
857,Message number 857.
858,Message number 858.
859,Message number 859.
860,Message number 860.
861,Message number 861.
862,Message number 862.
863,Message number 863.
864,Message number 864.
865,Message number 865.
866,Message number 866.
867,Message number 867.
868,Message number 868.
869,Message number 869.
870,Message number 870.
871,Message number 871.
872,Message number 872.
873,Message number 873.
874,Message number 874.
875,Message number 875.
876,Message number 876.
877,Message number 877.
878,Message number 878.
879,Message number 879.
880,Message number 880.
881,Message number 881.
882,Message number 882.
883,Message number 883.
884,Message number 884.
885,Message number 885.
886,Message number 886.
887,Message number 887.
888,Message number 888.
889,Message number 889.
890,Message number 890.
891,Message number 891.
892,Message number 892.
893,Message number 893.
894,Message number 894.
895,Message number 895.
896,Message number 896.
897,Message number 897.
898,Message number 898.
899,Message number 899.
900,Message number 900.
901,Message number 901.
902,Message number 902.
903,Message number 903.
904,Message number 904.
905,Message number 905.
906,Message number 906.
907,Message number 907.
908,Message number 908.
909,Message number 909.
910,Message number 910.
911,Message number 911.
912,Message number 912.
913,Message number 913.
914,Message number 914.
915,Message number 915.
916,Message number 916.
917,Message number 917.
918,Message number 918.
919,Message number 919.
920,Message number 920.
921,Message number 921.
922,Message number 922.
923,Message number 923.
924,Message number 924.
925,Message number 925.
926,Message number 926.
927,Message number 927.
928,Message number 928.
929,Message number 929.
930,Message number 930.
931,Message number 931.
932,Message number 932.
933,Message number 933.
934,Message number 934.
935,Message number 935.
936,Message number 936.
937,Message number 937.
938,Message number 938.
939,Message number 939.
940,Message number 940.
941,Message number 941.
942,Message number 942.
943,Message number 943.
944,Message number 944.
945,Message number 945.
946,Message number 946.
947,Message number 947.
948,Message number 948.
949,Message number 949.
950,Message number 950.
951,Message number 951.
952,Message number 952.
953,Message number 953.
954,Message number 954.
955,Message number 955.
956,Message number 956.
957,Message number 957.
958,Message number 958.
959,Message number 959.
960,Message number 960.
961,Message number 961.
962,Message number 962.
963,Message number 963.
964,Message number 964.
965,Message number 965.
966,Message number 966.
967,Message number 967.
968,Message number 968.
969,Message number 969.
970,Message number 970.
971,Message number 971.
972,Message number 972.
973,Message number 973.
974,Message number 974.
975,Message number 975.
976,Message number 976.
977,Message number 977.
978,Message number 978.
979,Message number 979.
980,Message number 980.
981,Message number 981.
982,Message number 982.
983,Message number 983.
984,Message number 984.
985,Message number 985.
986,Message number 986.
987,Message number 987.
988,Message number 988.
989,Message number 989.
990,Message number 990.
991,Message number 991.
992,Message number 992.
993,Message number 993.
994,Message number 994.
995,Message number 995.
996,Message number 996.
997,Message number 997.
998,Message number 998.
999,Message number 999.
1000,Message number 1000.
